{ 
  "agents": {
    "ego": {
      "position": [
        {"x": -0.6, "y": 10.2,"z": 0.5},
        {"x": 2.67007255554199, "y": 10.2076635360718, "z": 2.66723346710205}
    
    ],
      "destination": {
        "method": "xyz",
        "value": [
          {"v1": -157.260147094727, "v2": 10.2042694091797, "v3": 150.26455688476},
          {"v1": -154.607604980469, "v2": 10.2042694091797, "v3": 153.052490234375}
      ]
      }
    },
    "npcs": [
      {
        "type": "Sedan",
        "goal": "mutated"
        
      },
      {
        "type": "SUV",
        "goal": "mutated"
      }

    ]},
  "bubble":{
    "scope":[[[-18.0286445617676, 17.1915283203125],[-126.501647949219, 120.794731140137]],
             [[-15.4043045043945, 19.93908691406255],[-123.920989990234, 123.497032165527]] 
            ]
  },
  "lines" : {
    "yellow_lines" : [
      [[10.0, -12.6], [-164.2, 154.0]]
    ],
    "cross_lines" :  [
      [[12.5, -9.3], [-161.3, 156.7]]
    ],
    "edge_lines" :  [
      [[15.5, -6.7], [-158.6, 159.7]]
    ]
  },
  "environment":{
    "rain": 0,
    "fog":  0,
    "wetness":  0,
    "cloudiness":0,
    "time":12
  }
  }